{"cameraMode":{"drawMode":0,"name":"Shaded","section":"Shading Mode"},"sceneLighting":true,"audioPlay":false,"sceneViewState":{"m_AlwaysRefresh":false,"showFog":true,"showSkybox":true,"showFlares":true,"showImageEffects":true,"showParticleSystems":true,"showVisualEffectGraphs":true,"m_FxEnabled":true},"in2DMode":false,"pivot":{"x":-0.26249098777770998,"y":0.6147141456604004,"z":-0.14887499809265138},"rotation":{"x":-0.08254475146532059,"y":0.898448646068573,"z":-0.19207023084163667,"w":-0.3861209750175476},"size":1.816537618637085,"orthographic":false}